{
  "Header": {
    "title": "INNOVATION FOR ALL",
    "paragraph": "Empowering Your Business with Innovative Lead Generation, IT Solutions, and Seamless Dispatch Services."
  },
  "About": {
    "paragraph": "AMSEV Technologies is a dynamic and results-driven company specializing in outbound and inbound projects, primarily focused on generating high-quality leads for the insurance industry. We provide tailored solutions that help businesses expand their customer base and achieve their sales targets. In addition to our lead generation expertise, we offer comprehensive Managed IT Services to streamline your IT infrastructure and ensure seamless operations. Our team of skilled professionals leverages advanced technologies to deliver exceptional results with a customer-centric approach. At AMSEV Technologies, we are committed to providing the highest level of service, helping our clients grow and succeed in today’s competitive marketplace.",
    "Why": [
      "Expertise in Lead Generation",
      "Comprehensive IT Services",
      "Customer-Centric Approach",
      "Advanced Technology"
    ],
    "Why2": [
      "Proven Track Record",
      "Cost-Effective Solutions",
      "Skilled and Experienced Team",
      "24/7 Support"
    ]
  },
  "Gallery": [
    {
      "title": "Project Title",
      "largeImage": "img/portfolio/01-large.jpg",
      "smallImage": "img/portfolio/01-small.jpg"
    },
    {
      "title": "Project Title",
      "largeImage": "img/portfolio/02-large.jpg",
      "smallImage": "img/portfolio/02-small.jpg"
    },
    {
      "title": "Project Title",
      "largeImage": "img/portfolio/03-large.jpg",
      "smallImage": "img/portfolio/03-small.jpg"
    },
    {
      "title": "Project Title",
      "largeImage": "img/portfolio/04-large.jpg",
      "smallImage": "img/portfolio/04-small.jpg"
    },
    {
      "title": "Project Title",
      "largeImage": "img/portfolio/05-large.jpg",
      "smallImage": "img/portfolio/05-small.jpg"
    },
    {
      "title": "Project Title",
      "largeImage": "img/portfolio/06-large.jpg",
      "smallImage": "img/portfolio/06-small.jpg"
    },
    {
      "title": "Project Title",
      "largeImage": "img/portfolio/07-large.jpg",
      "smallImage": "img/portfolio/07-small.jpg"
    },
    {
      "title": "Project Title",
      "largeImage": "img/portfolio/08-large.jpg",
      "smallImage": "img/portfolio/08-small.jpg"
    },
    {
      "title": "Project Title",
      "largeImage": "img/portfolio/09-large.jpg",
      "smallImage": "img/portfolio/09-small.jpg"
    }
  ],
  "Services": [
    {
      "icon": "fa fa-wordpress",
      "name": "Lead Generation",
      "text": "High-quality outbound and inbound lead generation strategies to fuel your business growth."
    },
    {
      "icon": "fa fa-cart-arrow-down",
      "name": "Managed IT Services",
      "text": "Full-service IT management to ensure your infrastructure is optimized, secure, and running smoothly."
    },
    {
      "icon": "fa fa-cloud-download",
      "name": "24/7 Customer Support",
      "text": "A reliable, customer-focused support team available at any time to assist with inquiries and troubleshoot issues."
    },
    {
      "icon": "fa fa-language",
      "name": "Taxi Dispatch Services",
      "text": "Efficient and reliable taxi dispatch solutions to streamline bookings, route management, and improve customer experiences."
    },
    {
      "icon": "fa fa-plane",
      "name": "Software Development",
      "text": "Customized software solutions that meet your specific business needs, enhancing your operational efficiency."
    },
    {
      "icon": "fa fa-pie-chart",
      "name": "App Development",
      "text": "Mobile app development services to create scalable, user-friendly, and innovative apps for your business."
    }
  ],
  "Testimonials": [
    {
      "img": "img/testimonials/01.jpg",
      "text": "\"Lorem ipsum dolor sit amet, consectetur adipiscing elit. Duis sed dapibus leo nec ornare diam sedasd commodo nibh ante facilisis bibendum dolor feugiat at.\"",
      "name": "John Doe"
    },
    {
      "img": "img/testimonials/02.jpg",
      "text": "\"Lorem ipsum dolor sit amet, consectetur adipiscing elit. Duis sed dapibus leo nec ornare diam sedasd commodo nibh ante facilisis bibendum dolor feugiat at.\"",
      "name": "Johnathan Doe"
    },
    {
      "img": "img/testimonials/03.jpg",
      "text": "\"Lorem ipsum dolor sit amet, consectetur adipiscing elit. Duis sed dapibus leo nec ornare diam sedasd commodo nibh ante facilisis bibendum dolor feugiat at.\"",
      "name": "John Doe"
    },
    {
      "img": "img/testimonials/04.jpg",
      "text": "\"Lorem ipsum dolor sit amet, consectetur adipiscing elit. Duis sed dapibus leo nec ornare diam sedasd commodo nibh ante facilisis bibendum dolor feugiat at.\"",
      "name": "Johnathan Doe"
    },
    {
      "img": "img/testimonials/05.jpg",
      "text": "\"Lorem ipsum dolor sit amet, consectetur adipiscing elit. Duis sed dapibus leo nec ornare diam sedasd commodo nibh ante facilisis bibendum dolor feugiat at.\"",
      "name": "John Doe"
    },
    {
      "img": "img/testimonials/06.jpg",
      "text": "\"Lorem ipsum dolor sit amet, consectetur adipiscing elit. Duis sed dapibus leo nec ornare diam sedasd commodo nibh ante facilisis bibendum dolor feugiat at.\"",
      "name": "Johnathan Doe"
    }
  ],
  "Team": [
    {
      "img": "img/team/01.jpg",
      "name": "Malik Usman",
      "job": "CEO"
    },
    {
      "img": "img/team/02.jpg",
      "name": "Malik Noman",
      "job": "COO"
    },
    {
      "img": "img/team/03.jpg",
      "name": "Jane Doe",
      "job": "Senior Designer"
    },
    {
      "img": "img/team/04.jpg",
      "name": "Karen Doe",
      "job": "Project Manager"
    }
  ],
  "Contact": {
    "address": "Office#03 1st Floor, JS Plaza, Civic Center, Sector 3 Airport Employees CHS, Rawalpindi, Punjab 44000",
    "phone": "+1 123 456 1234",
    "email": "info@amsev.com",
    "facebook": "https://www.facebook.com/AMSEVTECH",
    "twitter": "https://www.instagram.com/amsev_tech?igsh=MW0yc3h3NzNwaWdwZw==",
    "youtube": "https://www.linkedin.com/company/amsev-technologies-pvt-ltd/"
  },
  "Features": [
    {
      "icon": "fa fa-comments-o",
      "title": "Tailored Lead Generation Solutions",
      "text": "Customized strategies to generate high-quality outbound and inbound leads that align with your business needs."
    },
    {
      "icon": "fa fa-bullhorn",
      "title": "Managed IT Services",
      "text": "End-to-end IT management to optimize your infrastructure, enhance productivity, and ensure seamless operations."
    },
    {
      "icon": "fa fa-group",
      "title": "Comprehensive Customer Support",
      "text": "Our dedicated support team is available 24/7 to assist with any inquiries, ensuring a smooth experience and quick resolution of issues."
    },
    {
      "icon": "fa fa-magic",
      "title": "Taxi Dispatch Service",
      "text": "We offer efficient and reliable taxi dispatch services, providing businesses with advanced solutions for managing bookings, routes, and customer interactions seamlessly."
    }
  ]
}
